id,x,y
1,124.92,116.16
2,166.84,57.92
3,183.0,90.56
4,196.28,120.64
5,191.48,125.44
6,185.88,126.08
7,176.76,121.60000000000001
8,185.4,128.0
9,186.04,132.8
10,183.48,134.88
11,183.48,136.16
12,185.4,139.84
13,181.24,145.12
14,183.64000000000001,155.20000000000002
15,179.64000000000001,160.32
16,173.56,161.44
17,158.36,164.0
